titulo,precio,descripcion
desc,price,title
"Clave en el rendimiento de tu computadora de escritorio, ya no tenés que pensar en cómo distribuir el tiempo y acciones porque ahora las tareas en simultáneo son posibles.,AMD cuenta con un catálogo de productos que se adaptan a los requerimientos de todo tipo de usuarios: juegos en línea, edición a gran escala, contenido en múltiples plataformas y más.,Núcleos: el corazón del procesador,En este producto, encontrarás los núcleos, que son los encargados de ejecutar las instrucciones y actividades que le asignás a tu dispositivo. Estos tienen relación directa con dos elementos: los hilos y el modelo. Por lo tanto, a la hora de elegir un procesador, es importante que valores los tres en su conjunto.,Máxima potencia,Al estar desbloqueado, podrás realizar overclocking y así aumentar la frecuencia de funcionamiento y optimizar el rendimiento de tu equipo. Personalizalo a tu gusto y disfrutá de tus videojuegos o hacé que la renderización de imágenes sea más ágil. ¡Descubrí el abanico de posibilidades que esta función te ofrece!","162.245,40.115,161.500,139.245,67.045,990.000,94.999,72.999,68.999,69.836,239.000,155.999,106.436,24.880,25.676,11.322,10.872,4.999,3.899,13.499,3.299,3.948,3.553,6.247,10.999,3.799,161.500",Procesador gamer AMD Ryzen 7 5700X 100-100000926WOF de 8 núcleos y  4.6GHz de frecuencia
"Productividad y entretenimiento, todo disponible en tu computadora de escritorio. La superioridad tecnológica de INTEL es un beneficio para todo tipo de profesionales. Asegura el mejor rendimiento de las aplicaciones, de la transferencia de datos y la conexión con otros elementos tecnológicos.,Núcleos: el corazón del procesador,En este producto, encontrarás los núcleos, que son los encargados de ejecutar las instrucciones y actividades que le asignás a tu dispositivo. Estos tienen relación directa con dos elementos: los hilos y el modelo. Por lo tanto, a la hora de elegir un procesador, es importante que valores los tres en su conjunto.","198.999,49.202,198.999,94.999,72.999,155.999,106.436,91.999,34.999,239.000,139.245,67.045,46.509,68.748,11.458,7.900,54.999,125.826,20.971,24.880,25.676,11.322,10.872,4.999,3.899,13.499,3.299,272.998,205.148,198.999",Procesador gamer Intel Core i7-11700 BX8070811700 de 8 núcleos y  4.9GHz de frecuencia con gráfica integrada
"Productividad y entretenimiento, todo disponible en tu computadora de escritorio. La superioridad tecnológica de INTEL es un beneficio para todo tipo de profesionales. Asegura el mejor rendimiento de las aplicaciones, de la transferencia de datos y la conexión con otros elementos tecnológicos.,Núcleos: el corazón del procesador,En este producto, encontrarás los núcleos, que son los encargados de ejecutar las instrucciones y actividades que le asignás a tu dispositivo. Estos tienen relación directa con dos elementos: los hilos y el modelo. Por lo tanto, a la hora de elegir un procesador, es importante que valores los tres en su conjunto.","34.999,8.653,7.900,94.999,72.999,34.999,16.499,67.045,91.999,30.748,19.860,69.836,68.999,24.999,14.999,155.999,106.436,46.509,990.000,24.999,24.600,24.999,24.880",Procesador Intel Core i5-3470 CM8063701093302 de 4 núcleos y  3.6GHz de frecuencia con gráfica integrada
"Productividad y entretenimiento, todo disponible en tu computadora de escritorio. La superioridad tecnológica de INTEL es un beneficio para todo tipo de profesionales. Asegura el mejor rendimiento de las aplicaciones, de la transferencia de datos y la conexión con otros elementos tecnológicos.,Núcleos: el corazón del procesador,En este producto, encontrarás los núcleos, que son los encargados de ejecutar las instrucciones y actividades que le asignás a tu dispositivo. Estos tienen relación directa con dos elementos: los hilos y el modelo. Por lo tanto, a la hora de elegir un procesador, es importante que valores los tres en su conjunto.","19.999,4.945,34.999,16.499,7.900,67.045,94.999,72.999,69.836,600,4.200,2.999,30.748,155.999,139.245,1.000,2.600,600,600,1.500,550,2.000,24.880",Procesador Intel Core 2 Duo E8400 BX80570E8400 de 2 núcleos y  3GHz de frecuencia
"Clave en el rendimiento de tu computadora de escritorio, ya no tenés que pensar en cómo distribuir el tiempo y acciones porque ahora las tareas en simultáneo son posibles.,AMD cuenta con un catálogo de productos que se adaptan a los requerimientos de todo tipo de usuarios: juegos en línea, edición a gran escala, contenido en múltiples plataformas y más.,Núcleos: el corazón del procesador,En este producto, encontrarás los núcleos, que son los encargados de ejecutar las instrucciones y actividades que le asignás a tu dispositivo. Estos tienen relación directa con dos elementos: los hilos y el modelo. Por lo tanto, a la hora de elegir un procesador, es importante que valores los tres en su conjunto.,Máxima potencia,Al estar desbloqueado, podrás realizar overclocking y así aumentar la frecuencia de funcionamiento y optimizar el rendimiento de tu equipo. Personalizalo a tu gusto y disfrutá de tus videojuegos o hacé que la renderización de imágenes sea más ágil. ¡Descubrí el abanico de posibilidades que esta función te ofrece!","115.500,28.557,115.500,139.245,67.045,149.498,68.999,94.999,72.999,69.836,990.000,155.999,34.999,16.499,106.436,9.999,199.999,24.880,25.676,11.322,10.872,4.999,3.899,13.499,3.299,182.959,140.738,149.569,151.999,115.500",Procesador AMD Ryzen 7 5700G 100-100000263BOX de 8 núcleos y  4.6GHz de frecuencia con gráfica integrada
"Clave en el rendimiento de tu computadora de escritorio, ya no tenés que pensar en cómo distribuir el tiempo y acciones porque ahora las tareas en simultáneo son posibles.,AMD cuenta con un catálogo de productos que se adaptan a los requerimientos de todo tipo de usuarios: juegos en línea, edición a gran escala, contenido en múltiples plataformas y más.,Núcleos: el corazón del procesador,En este producto, encontrarás los núcleos, que son los encargados de ejecutar las instrucciones y actividades que le asignás a tu dispositivo. Estos tienen relación directa con dos elementos: los hilos y el modelo. Por lo tanto, a la hora de elegir un procesador, es importante que valores los tres en su conjunto.,Máxima potencia,Al estar desbloqueado, podrás realizar overclocking y así aumentar la frecuencia de funcionamiento y optimizar el rendimiento de tu equipo. Personalizalo a tu gusto y disfrutá de tus videojuegos o hacé que la renderización de imágenes sea más ágil. ¡Descubrí el abanico de posibilidades que esta función te ofrece!","85.870,21.231,85.870,67.045,139.245,68.999,69.836,94.999,72.999,34.999,16.499,990.000,155.999,91.999,106.436,24.880,25.676,11.322,10.872,4.999,3.899,13.499,3.299,3.948,3.553,6.247,129.869,99.899,101.999,85.870",Procesador gamer AMD Ryzen 5 5600G 100-100000252BOX de 6 núcleos y  4.4GHz de frecuencia con gráfica integrada
"Productividad y entretenimiento, todo disponible en tu computadora de escritorio. La superioridad tecnológica de INTEL es un beneficio para todo tipo de profesionales. Asegura el mejor rendimiento de las aplicaciones, de la transferencia de datos y la conexión con otros elementos tecnológicos.,Núcleos: el corazón del procesador,En este producto, encontrarás los núcleos, que son los encargados de ejecutar las instrucciones y actividades que le asignás a tu dispositivo. Estos tienen relación directa con dos elementos: los hilos y el modelo. Por lo tanto, a la hora de elegir un procesador, es importante que valores los tres en su conjunto.","18.999,4.697,18.999,16.499,30.748,34.999,67.045,69.836,94.999,72.999,990.000,7.900,24.999,155.999,46.509,388.931,64.821,91.999,29.999,19.860,24.999,24.999,24.600,9.999,24.880,25.649,20.399,18.999",Procesador Intel Celeron G5900 BX80701G5900 de 2 núcleos y  3.4GHz de frecuencia con gráfica integrada
"Productividad y entretenimiento, todo disponible en tu computadora de escritorio. La superioridad tecnológica de INTEL es un beneficio para todo tipo de profesionales. Asegura el mejor rendimiento de las aplicaciones, de la transferencia de datos y la conexión con otros elementos tecnológicos.,Núcleos: el corazón del procesador,En este producto, encontrarás los núcleos, que son los encargados de ejecutar las instrucciones y actividades que le asignás a tu dispositivo. Estos tienen relación directa con dos elementos: los hilos y el modelo. Por lo tanto, a la hora de elegir un procesador, es importante que valores los tres en su conjunto.","94.999,72.999,18.049,72.999,117.049,92.135,72.999",Procesador Intel Core i5-10400 BX8070110400 de 6 núcleos y  4.3GHz de frecuencia con gráfica integrada
"Productividad y entretenimiento, todo disponible en tu computadora de escritorio. La superioridad tecnológica de INTEL es un beneficio para todo tipo de profesionales. Asegura el mejor rendimiento de las aplicaciones, de la transferencia de datos y la conexión con otros elementos tecnológicos.,Núcleos: el corazón del procesador,En este producto, encontrarás los núcleos, que son los encargados de ejecutar las instrucciones y actividades que le asignás a tu dispositivo. Estos tienen relación directa con dos elementos: los hilos y el modelo. Por lo tanto, a la hora de elegir un procesador, es importante que valores los tres en su conjunto.,Máxima potencia,Al estar desbloqueado, podrás realizar overclocking y así aumentar la frecuencia de funcionamiento y optimizar el rendimiento de tu equipo. Personalizalo a tu gusto y disfrutá de tus videojuegos o hacé que la renderización de imágenes sea más ágil. ¡Descubrí el abanico de posibilidades que esta función te ofrece!","219.999,36.666,219.999,239.000,155.999,139.245,106.436,990.000,94.999,72.999,34.999,16.499,69.836,91.999,67.045,24.880,25.676,11.322,10.872,4.999,3.899,13.499,3.299,3.948,3.553,6.247,255.058,219.999",Procesador Intel Core I7-12700K BX8071512700K de 12 núcleos y  5GHz de frecuencia con gráfica integrada
"Productividad y entretenimiento, todo disponible en tu computadora de escritorio. La superioridad tecnológica de INTEL es un beneficio para todo tipo de profesionales. Asegura el mejor rendimiento de las aplicaciones, de la transferencia de datos y la conexión con otros elementos tecnológicos.,Núcleos: el corazón del procesador,En este producto, encontrarás los núcleos, que son los encargados de ejecutar las instrucciones y actividades que le asignás a tu dispositivo. Estos tienen relación directa con dos elementos: los hilos y el modelo. Por lo tanto, a la hora de elegir un procesador, es importante que valores los tres en su conjunto.","9.999,2.472,9.999,7.900,16.499,30.748,34.999,94.999,72.999,69.836,3.170,14.999,106.436,155.999,46.509,139.245,4.532,1.350,19.860,3.889,14.999,9.998,24.999,24.880,9.999",Procesador Intel Pentium G3250 BX80646G3250 de 2 núcleos y  3.2GHz de frecuencia con gráfica integrada
"Clave en el rendimiento de tu computadora de escritorio, ya no tenés que pensar en cómo distribuir el tiempo y acciones porque ahora las tareas en simultáneo son posibles.,AMD cuenta con un catálogo de productos que se adaptan a los requerimientos de todo tipo de usuarios: juegos en línea, edición a gran escala, contenido en múltiples plataformas y más.,Núcleos: el corazón del procesador,En este producto, encontrarás los núcleos, que son los encargados de ejecutar las instrucciones y actividades que le asignás a tu dispositivo. Estos tienen relación directa con dos elementos: los hilos y el modelo. Por lo tanto, a la hora de elegir un procesador, es importante que valores los tres en su conjunto.","9.650,2.385,24.880,25.676,11.322,10.872,4.999,3.899,13.499,3.299,3.948,3.553,6.247,10.999",Procesador AMD Phenom II X4 945 HDX945WFK4DGI de 4 núcleos y  3GHz de frecuencia
"Productividad y entretenimiento, todo disponible en tu computadora de escritorio. La superioridad tecnológica de INTEL es un beneficio para todo tipo de profesionales. Asegura el mejor rendimiento de las aplicaciones, de la transferencia de datos y la conexión con otros elementos tecnológicos.,Núcleos: el corazón del procesador,En este producto, encontrarás los núcleos, que son los encargados de ejecutar las instrucciones y actividades que le asignás a tu dispositivo. Estos tienen relación directa con dos elementos: los hilos y el modelo. Por lo tanto, a la hora de elegir un procesador, es importante que valores los tres en su conjunto.","129.000,31.895,129.000,94.999,72.999,106.436,139.245,67.045,68.999,155.999,34.999,91.999,990.000,69.836,239.000,16.499,24.880,25.676,11.322,10.872,4.999,3.899,13.499,3.299,3.948,3.553,194.942,129.000",Procesador Intel Core i5-12400F BX8071512400F de 6 núcleos y  4.4GHz de frecuencia
"Productividad y entretenimiento, todo disponible en tu computadora de escritorio. La superioridad tecnológica de INTEL es un beneficio para todo tipo de profesionales. Asegura el mejor rendimiento de las aplicaciones, de la transferencia de datos y la conexión con otros elementos tecnológicos.,Núcleos: el corazón del procesador,En este producto, encontrarás los núcleos, que son los encargados de ejecutar las instrucciones y actividades que le asignás a tu dispositivo. Estos tienen relación directa con dos elementos: los hilos y el modelo. Por lo tanto, a la hora de elegir un procesador, es importante que valores los tres en su conjunto.","155.999,38.570,155.999,94.999,72.999,106.436,34.999,67.045,139.245,91.999,16.499,990.000,68.999,239.000,69.836,30.748,24.880,25.676,11.322,10.872,4.999,3.899,13.499,3.299,3.948,3.553,201.214,155.999",Procesador Intel Core i7-10700 BX8070110700 de 8 núcleos y  4.8GHz de frecuencia con gráfica integrada
"Productividad y entretenimiento, todo disponible en tu computadora de escritorio. La superioridad tecnológica de INTEL es un beneficio para todo tipo de profesionales. Asegura el mejor rendimiento de las aplicaciones, de la transferencia de datos y la conexión con otros elementos tecnológicos.,Núcleos: el corazón del procesador,En este producto, encontrarás los núcleos, que son los encargados de ejecutar las instrucciones y actividades que le asignás a tu dispositivo. Estos tienen relación directa con dos elementos: los hilos y el modelo. Por lo tanto, a la hora de elegir un procesador, es importante que valores los tres en su conjunto.,Máxima potencia,Al estar desbloqueado, podrás realizar overclocking y así aumentar la frecuencia de funcionamiento y optimizar el rendimiento de tu equipo. Personalizalo a tu gusto y disfrutá de tus videojuegos o hacé que la renderización de imágenes sea más ágil. ¡Descubrí el abanico de posibilidades que esta función te ofrece!","210.449,52.033,210.449,155.999,94.999,72.999,67.045,16.499,106.436,34.999,990.000,139.245,239.000,91.999,30.748,69.836,68.999,24.880,25.676,11.322,10.872,4.999,3.899,13.499,3.299,213.399,210.449",Procesador gamer Intel Core i7-10700K BX8070110700K de 8 núcleos y  5.1GHz de frecuencia con gráfica integrada
"Productividad y entretenimiento, todo disponible en tu computadora de escritorio. La superioridad tecnológica de INTEL es un beneficio para todo tipo de profesionales. Asegura el mejor rendimiento de las aplicaciones, de la transferencia de datos y la conexión con otros elementos tecnológicos.,Núcleos: el corazón del procesador,En este producto, encontrarás los núcleos, que son los encargados de ejecutar las instrucciones y actividades que le asignás a tu dispositivo. Estos tienen relación directa con dos elementos: los hilos y el modelo. Por lo tanto, a la hora de elegir un procesador, es importante que valores los tres en su conjunto.,Máxima potencia,Al estar desbloqueado, podrás realizar overclocking y así aumentar la frecuencia de funcionamiento y optimizar el rendimiento de tu equipo. Personalizalo a tu gusto y disfrutá de tus videojuegos o hacé que la renderización de imágenes sea más ágil. ¡Descubrí el abanico de posibilidades que esta función te ofrece!","106.436,26.316,106.299,91.999,94.999,72.999,139.245,155.999,67.045,34.999,68.999,16.499,69.836,239.000,990.000,24.880,25.676,11.322,10.872,4.999,3.899,13.499,3.299,3.948,3.553,6.247,138.189,106.299,106.299",Procesador gamer Intel Core i5-11600K BX8070811600K de 6 núcleos y  4.9GHz de frecuencia con gráfica integrada
"Productividad y entretenimiento, todo disponible en tu computadora de escritorio. La superioridad tecnológica de INTEL es un beneficio para todo tipo de profesionales. Asegura el mejor rendimiento de las aplicaciones, de la transferencia de datos y la conexión con otros elementos tecnológicos.,Núcleos: el corazón del procesador,En este producto, encontrarás los núcleos, que son los encargados de ejecutar las instrucciones y actividades que le asignás a tu dispositivo. Estos tienen relación directa con dos elementos: los hilos y el modelo. Por lo tanto, a la hora de elegir un procesador, es importante que valores los tres en su conjunto.,Máxima potencia,Al estar desbloqueado, podrás realizar overclocking y así aumentar la frecuencia de funcionamiento y optimizar el rendimiento de tu equipo. Personalizalo a tu gusto y disfrutá de tus videojuegos o hacé que la renderización de imágenes sea más ágil. ¡Descubrí el abanico de posibilidades que esta función te ofrece!","316.529,78.261,285.999,155.999,94.999,72.999,139.245,67.045,239.000,990.000,106.436,91.999,19.860,68.999,24.999,24.999,24.600,24.999,9.999,54.999,29.999,22.600,14.000,6.499,427.309,285.999",Procesador Intel Core i7-13700K BX8071513700K de 16 núcleos y  5.4GHz de frecuencia con gráfica integrada
"Productividad y entretenimiento, todo disponible en tu computadora de escritorio. La superioridad tecnológica de INTEL es un beneficio para todo tipo de profesionales. Asegura el mejor rendimiento de las aplicaciones, de la transferencia de datos y la conexión con otros elementos tecnológicos.,Núcleos: el corazón del procesador,En este producto, encontrarás los núcleos, que son los encargados de ejecutar las instrucciones y actividades que le asignás a tu dispositivo. Estos tienen relación directa con dos elementos: los hilos y el modelo. Por lo tanto, a la hora de elegir un procesador, es importante que valores los tres en su conjunto.","5.150,1.273,7.900,16.499,34.999,67.045,94.999,72.999,30.748,1.500,69.836,2.600,2.000,24.999,6.000,19.860,4.200,15.500,550,4.532,24.880,25.676,11.322",Procesador Intel Core 2 Quad Q6600 HH80562PH0568M de 4 núcleos y  2.4GHz de frecuencia
"Clave en el rendimiento de tu computadora de escritorio, ya no tenés que pensar en cómo distribuir el tiempo y acciones porque ahora las tareas en simultáneo son posibles.,AMD cuenta con un catálogo de productos que se adaptan a los requerimientos de todo tipo de usuarios: juegos en línea, edición a gran escala, contenido en múltiples plataformas y más.,Núcleos: el corazón del procesador,En este producto, encontrarás los núcleos, que son los encargados de ejecutar las instrucciones y actividades que le asignás a tu dispositivo. Estos tienen relación directa con dos elementos: los hilos y el modelo. Por lo tanto, a la hora de elegir un procesador, es importante que valores los tres en su conjunto.,Máxima potencia,Al estar desbloqueado, podrás realizar overclocking y así aumentar la frecuencia de funcionamiento y optimizar el rendimiento de tu equipo. Personalizalo a tu gusto y disfrutá de tus videojuegos o hacé que la renderización de imágenes sea más ágil. ¡Descubrí el abanico de posibilidades que esta función te ofrece!","208.148,51.464,189.500,139.245,67.045,990.000,94.999,72.999,68.999,69.836,155.999,16.499,106.436,34.999,239.000,91.999,24.880,25.676,11.322,10.872,4.999,3.899,13.499,3.299,3.948,3.553,292.179,189.500",Procesador gamer AMD Ryzen 7 5800X 100-100000063WOF de 8 núcleos y  4.7GHz de frecuencia
"Clave en el rendimiento de tu computadora de escritorio, ya no tenés que pensar en cómo distribuir el tiempo y acciones porque ahora las tareas en simultáneo son posibles.,AMD cuenta con un catálogo de productos que se adaptan a los requerimientos de todo tipo de usuarios: juegos en línea, edición a gran escala, contenido en múltiples plataformas y más.,Núcleos: el corazón del procesador,En este producto, encontrarás los núcleos, que son los encargados de ejecutar las instrucciones y actividades que le asignás a tu dispositivo. Estos tienen relación directa con dos elementos: los hilos y el modelo. Por lo tanto, a la hora de elegir un procesador, es importante que valores los tres en su conjunto.,Máxima potencia,Al estar desbloqueado, podrás realizar overclocking y así aumentar la frecuencia de funcionamiento y optimizar el rendimiento de tu equipo. Personalizalo a tu gusto y disfrutá de tus videojuegos o hacé que la renderización de imágenes sea más ágil. ¡Descubrí el abanico de posibilidades que esta función te ofrece!","208.148,51.464,189.500,139.245,67.045,990.000,94.999,72.999,68.999,69.836,155.999,16.499,106.436,34.999,239.000,91.999,24.880,25.676,11.322,10.872,4.999,3.899,13.499,3.299,3.948,3.553,292.179,189.500",Procesador gamer AMD Ryzen 7 5800X 100-100000063WOF de 8 núcleos y  4.7GHz de frecuencia
"Clave en el rendimiento de tu computadora de escritorio, ya no tenés que pensar en cómo distribuir el tiempo y acciones porque ahora las tareas en simultáneo son posibles.,AMD cuenta con un catálogo de productos que se adaptan a los requerimientos de todo tipo de usuarios: juegos en línea, edición a gran escala, contenido en múltiples plataformas y más.,Núcleos: el corazón del procesador,En este producto, encontrarás los núcleos, que son los encargados de ejecutar las instrucciones y actividades que le asignás a tu dispositivo. Estos tienen relación directa con dos elementos: los hilos y el modelo. Por lo tanto, a la hora de elegir un procesador, es importante que valores los tres en su conjunto.,Máxima potencia,Al estar desbloqueado, podrás realizar overclocking y así aumentar la frecuencia de funcionamiento y optimizar el rendimiento de tu equipo. Personalizalo a tu gusto y disfrutá de tus videojuegos o hacé que la renderización de imágenes sea más ágil. ¡Descubrí el abanico de posibilidades que esta función te ofrece!","139.245,34.428,139.245,68.999,67.045,94.999,72.999,69.836,990.000,16.499,106.436,91.999,155.999,34.999,24.880,25.676,11.322,10.872,4.999,3.899,13.499,3.299,3.948,3.553,6.247,10.999,225.349,139.245",Procesador gamer AMD Ryzen 5 5600X 100-100000065BOX de 6 núcleos y  4.6GHz de frecuencia
"Productividad y entretenimiento, todo disponible en tu computadora de escritorio. La superioridad tecnológica de INTEL es un beneficio para todo tipo de profesionales. Asegura el mejor rendimiento de las aplicaciones, de la transferencia de datos y la conexión con otros elementos tecnológicos.,Núcleos: el corazón del procesador,En este producto, encontrarás los núcleos, que son los encargados de ejecutar las instrucciones y actividades que le asignás a tu dispositivo. Estos tienen relación directa con dos elementos: los hilos y el modelo. Por lo tanto, a la hora de elegir un procesador, es importante que valores los tres en su conjunto.","155.999,38.570,155.999,94.999,72.999,106.436,34.999,67.045,139.245,91.999,16.499,990.000,68.999,239.000,69.836,30.748,24.880,25.676,11.322,10.872,4.999,3.899,13.499,3.299,3.948,3.553,201.214,155.999",Procesador Intel Core i7-10700 BX8070110700 de 8 núcleos y  4.8GHz de frecuencia con gráfica integrada
"Productividad y entretenimiento, todo disponible en tu computadora de escritorio. La superioridad tecnológica de INTEL es un beneficio para todo tipo de profesionales. Asegura el mejor rendimiento de las aplicaciones, de la transferencia de datos y la conexión con otros elementos tecnológicos.,Núcleos: el corazón del procesador,En este producto, encontrarás los núcleos, que son los encargados de ejecutar las instrucciones y actividades que le asignás a tu dispositivo. Estos tienen relación directa con dos elementos: los hilos y el modelo. Por lo tanto, a la hora de elegir un procesador, es importante que valores los tres en su conjunto.,Máxima potencia,Al estar desbloqueado, podrás realizar overclocking y así aumentar la frecuencia de funcionamiento y optimizar el rendimiento de tu equipo. Personalizalo a tu gusto y disfrutá de tus videojuegos o hacé que la renderización de imágenes sea más ágil. ¡Descubrí el abanico de posibilidades que esta función te ofrece!","239.000,59.092,239.000,155.999,94.999,72.999,990.000,67.045,139.245,34.999,106.436,7.900,24.880,25.676,11.322,10.872,4.999,3.899,13.499,3.299,3.948,3.553,6.247,10.999,3.799,8.699,459.560,239.000",Procesador Intel Core I7-12700KF BX8071512700KF de 12 núcleos y  5GHz de frecuencia
"Productividad y entretenimiento, todo disponible en tu computadora de escritorio. La superioridad tecnológica de INTEL es un beneficio para todo tipo de profesionales. Asegura el mejor rendimiento de las aplicaciones, de la transferencia de datos y la conexión con otros elementos tecnológicos.,Núcleos: el corazón del procesador,En este producto, encontrarás los núcleos, que son los encargados de ejecutar las instrucciones y actividades que le asignás a tu dispositivo. Estos tienen relación directa con dos elementos: los hilos y el modelo. Por lo tanto, a la hora de elegir un procesador, es importante que valores los tres en su conjunto.,Máxima potencia,Al estar desbloqueado, podrás realizar overclocking y así aumentar la frecuencia de funcionamiento y optimizar el rendimiento de tu equipo. Personalizalo a tu gusto y disfrutá de tus videojuegos o hacé que la renderización de imágenes sea más ágil. ¡Descubrí el abanico de posibilidades que esta función te ofrece!","106.436,26.316,106.299,91.999,94.999,72.999,139.245,155.999,67.045,34.999,68.999,16.499,69.836,239.000,990.000,24.880,25.676,11.322,10.872,4.999,3.899,13.499,3.299,3.948,3.553,6.247,138.189,106.299,106.299",Procesador gamer Intel Core i5-11600K BX8070811600K de 6 núcleos y  4.9GHz de frecuencia con gráfica integrada
"Clave en el rendimiento de tu computadora de escritorio, ya no tenés que pensar en cómo distribuir el tiempo y acciones porque ahora las tareas en simultáneo son posibles.,AMD cuenta con un catálogo de productos que se adaptan a los requerimientos de todo tipo de usuarios: juegos en línea, edición a gran escala, contenido en múltiples plataformas y más.,Núcleos: el corazón del procesador,En este producto, encontrarás los núcleos, que son los encargados de ejecutar las instrucciones y actividades que le asignás a tu dispositivo. Estos tienen relación directa con dos elementos: los hilos y el modelo. Por lo tanto, a la hora de elegir un procesador, es importante que valores los tres en su conjunto.,Máxima potencia,Al estar desbloqueado, podrás realizar overclocking y así aumentar la frecuencia de funcionamiento y optimizar el rendimiento de tu equipo. Personalizalo a tu gusto y disfrutá de tus videojuegos o hacé que la renderización de imágenes sea más ágil. ¡Descubrí el abanico de posibilidades que esta función te ofrece!","69.836,17.267,69.836,67.045,68.999,94.999,72.999,139.245,34.999,990.000,16.499,76.399,7.900,30.748,155.999,46.312,86.278,63.800,49.999,63.999,31.500,5.250,54.999,24.880,25.676,96.699,81.919,69.836",Procesador gamer AMD Ryzen 3 3200G YD3200C5FHBOX de 4 núcleos y  4GHz de frecuencia con gráfica integrada
desc,price,title
desc,price,title
"Productividad y entretenimiento, todo disponible en tu computadora de escritorio. La superioridad tecnológica de INTEL es un beneficio para todo tipo de profesionales. Asegura el mejor rendimiento de las aplicaciones, de la transferencia de datos y la conexión con otros elementos tecnológicos.,Núcleos: el corazón del procesador,En este producto, encontrarás los núcleos, que son los encargados de ejecutar las instrucciones y actividades que le asignás a tu dispositivo. Estos tienen relación directa con dos elementos: los hilos y el modelo. Por lo tanto, a la hora de elegir un procesador, es importante que valores los tres en su conjunto.","34.999,8.653,7.900,94.999,72.999,34.999,16.499,67.045,119.999,19.999,30.748,19.860,69.836,68.999,220.829,24.999,14.999,201.214,33.535,138.189,23.031,46.509,990.000,24.999,24.600,24.880",Procesador Intel Core i5-3470 CM8063701093302 de 4 núcleos y  3.6GHz de frecuencia con gráfica integrada
"Clave en el rendimiento de tu computadora de escritorio, ya no tenés que pensar en cómo distribuir el tiempo y acciones porque ahora las tareas en simultáneo son posibles.,AMD cuenta con un catálogo de productos que se adaptan a los requerimientos de todo tipo de usuarios: juegos en línea, edición a gran escala, contenido en múltiples plataformas y más.,Núcleos: el corazón del procesador,En este producto, encontrarás los núcleos, que son los encargados de ejecutar las instrucciones y actividades que le asignás a tu dispositivo. Estos tienen relación directa con dos elementos: los hilos y el modelo. Por lo tanto, a la hora de elegir un procesador, es importante que valores los tres en su conjunto.,Máxima potencia,Al estar desbloqueado, podrás realizar overclocking y así aumentar la frecuencia de funcionamiento y optimizar el rendimiento de tu equipo. Personalizalo a tu gusto y disfrutá de tus videojuegos o hacé que la renderización de imágenes sea más ágil. ¡Descubrí el abanico de posibilidades que esta función te ofrece!","85.870,21.231,85.870,67.045,139.245,68.999,69.836,94.999,72.999,34.999,16.499,990.000,201.214,33.535,119.999,19.999,138.189,23.031,220.829,24.880,25.676,11.322,10.872,4.999,3.899,13.499,3.299,3.948,3.553,129.869,99.899,101.999,85.870",Procesador gamer AMD Ryzen 5 5600G 100-100000252BOX de 6 núcleos y  4.4GHz de frecuencia con gráfica integrada
"Productividad y entretenimiento, todo disponible en tu computadora de escritorio. La superioridad tecnológica de INTEL es un beneficio para todo tipo de profesionales. Asegura el mejor rendimiento de las aplicaciones, de la transferencia de datos y la conexión con otros elementos tecnológicos.,Núcleos: el corazón del procesador,En este producto, encontrarás los núcleos, que son los encargados de ejecutar las instrucciones y actividades que le asignás a tu dispositivo. Estos tienen relación directa con dos elementos: los hilos y el modelo. Por lo tanto, a la hora de elegir un procesador, es importante que valores los tres en su conjunto.","18.999,4.697,18.999,16.499,30.748,34.999,67.045,69.836,94.999,72.999,990.000,7.900,24.999,201.214,33.535,46.509,388.931,64.821,119.999,19.999,29.999,19.860,24.999,24.999,24.600,9.999,24.880,25.649,20.399,18.999",Procesador Intel Celeron G5900 BX80701G5900 de 2 núcleos y  3.4GHz de frecuencia con gráfica integrada
"Clave en el rendimiento de tu computadora de escritorio, ya no tenés que pensar en cómo distribuir el tiempo y acciones porque ahora las tareas en simultáneo son posibles.,AMD cuenta con un catálogo de productos que se adaptan a los requerimientos de todo tipo de usuarios: juegos en línea, edición a gran escala, contenido en múltiples plataformas y más.,Núcleos: el corazón del procesador,En este producto, encontrarás los núcleos, que son los encargados de ejecutar las instrucciones y actividades que le asignás a tu dispositivo. Estos tienen relación directa con dos elementos: los hilos y el modelo. Por lo tanto, a la hora de elegir un procesador, es importante que valores los tres en su conjunto.,Máxima potencia,Al estar desbloqueado, podrás realizar overclocking y así aumentar la frecuencia de funcionamiento y optimizar el rendimiento de tu equipo. Personalizalo a tu gusto y disfrutá de tus videojuegos o hacé que la renderización de imágenes sea más ágil. ¡Descubrí el abanico de posibilidades que esta función te ofrece!","208.148,51.464,189.500,139.245,67.045,990.000,94.999,72.999,68.999,69.836,220.829,155.999,16.499,138.189,23.031,34.999,239.000,119.999,19.999,24.880,25.676,11.322,10.872,4.999,3.899,13.499,3.299,292.179,189.500",Procesador gamer AMD Ryzen 7 5800X 100-100000063WOF de 8 núcleos y  4.7GHz de frecuencia
"Clave en el rendimiento de tu computadora de escritorio, ya no tenés que pensar en cómo distribuir el tiempo y acciones porque ahora las tareas en simultáneo son posibles.,AMD cuenta con un catálogo de productos que se adaptan a los requerimientos de todo tipo de usuarios: juegos en línea, edición a gran escala, contenido en múltiples plataformas y más.,Núcleos: el corazón del procesador,En este producto, encontrarás los núcleos, que son los encargados de ejecutar las instrucciones y actividades que le asignás a tu dispositivo. Estos tienen relación directa con dos elementos: los hilos y el modelo. Por lo tanto, a la hora de elegir un procesador, es importante que valores los tres en su conjunto.,Máxima potencia,Al estar desbloqueado, podrás realizar overclocking y así aumentar la frecuencia de funcionamiento y optimizar el rendimiento de tu equipo. Personalizalo a tu gusto y disfrutá de tus videojuegos o hacé que la renderización de imágenes sea más ágil. ¡Descubrí el abanico de posibilidades que esta función te ofrece!","162.245,40.115,161.500,139.245,67.045,990.000,94.999,72.999,68.999,69.836,220.829,239.000,201.214,33.535,138.189,23.031,24.880,25.676,11.322,10.872,4.999,3.899,13.499,3.299,3.948,3.553,6.247,10.999,161.500",Procesador gamer AMD Ryzen 7 5700X 100-100000926WOF de 8 núcleos y  4.6GHz de frecuencia
"Productividad y entretenimiento, todo disponible en tu computadora de escritorio. La superioridad tecnológica de INTEL es un beneficio para todo tipo de profesionales. Asegura el mejor rendimiento de las aplicaciones, de la transferencia de datos y la conexión con otros elementos tecnológicos.,Núcleos: el corazón del procesador,En este producto, encontrarás los núcleos, que son los encargados de ejecutar las instrucciones y actividades que le asignás a tu dispositivo. Estos tienen relación directa con dos elementos: los hilos y el modelo. Por lo tanto, a la hora de elegir un procesador, es importante que valores los tres en su conjunto.","19.999,4.945,34.999,16.499,7.900,67.045,94.999,72.999,69.836,600,4.200,2.999,30.748,201.214,33.535,139.245,1.000,2.600,600,600,1.500,550,2.000,24.880",Procesador Intel Core 2 Duo E8400 BX80570E8400 de 2 núcleos y  3GHz de frecuencia
"Productividad y entretenimiento, todo disponible en tu computadora de escritorio. La superioridad tecnológica de INTEL es un beneficio para todo tipo de profesionales. Asegura el mejor rendimiento de las aplicaciones, de la transferencia de datos y la conexión con otros elementos tecnológicos.,Núcleos: el corazón del procesador,En este producto, encontrarás los núcleos, que son los encargados de ejecutar las instrucciones y actividades que le asignás a tu dispositivo. Estos tienen relación directa con dos elementos: los hilos y el modelo. Por lo tanto, a la hora de elegir un procesador, es importante que valores los tres en su conjunto.","198.999,49.202,198.999,94.999,72.999,201.214,33.535,138.189,23.031,119.999,19.999,34.999,239.000,139.245,67.045,220.829,46.509,68.748,11.458,7.900,54.999,125.826,20.971,24.880,25.676,11.322,10.872,4.999,3.899,13.499,272.998,205.148,198.999",Procesador gamer Intel Core i7-11700 BX8070811700 de 8 núcleos y  4.9GHz de frecuencia con gráfica integrada
"Clave en el rendimiento de tu computadora de escritorio, ya no tenés que pensar en cómo distribuir el tiempo y acciones porque ahora las tareas en simultáneo son posibles.,AMD cuenta con un catálogo de productos que se adaptan a los requerimientos de todo tipo de usuarios: juegos en línea, edición a gran escala, contenido en múltiples plataformas y más.,Núcleos: el corazón del procesador,En este producto, encontrarás los núcleos, que son los encargados de ejecutar las instrucciones y actividades que le asignás a tu dispositivo. Estos tienen relación directa con dos elementos: los hilos y el modelo. Por lo tanto, a la hora de elegir un procesador, es importante que valores los tres en su conjunto.,Máxima potencia,Al estar desbloqueado, podrás realizar overclocking y así aumentar la frecuencia de funcionamiento y optimizar el rendimiento de tu equipo. Personalizalo a tu gusto y disfrutá de tus videojuegos o hacé que la renderización de imágenes sea más ágil. ¡Descubrí el abanico de posibilidades que esta función te ofrece!","115.500,28.557,115.500,139.245,67.045,149.498,68.999,94.999,72.999,69.836,990.000,201.214,33.535,34.999,16.499,138.189,23.031,220.829,9.999,199.999,24.880,25.676,11.322,10.872,4.999,3.899,13.499,182.959,149.569,151.999,115.500",Procesador AMD Ryzen 7 5700G 100-100000263BOX de 8 núcleos y  4.6GHz de frecuencia con gráfica integrada
"Productividad y entretenimiento, todo disponible en tu computadora de escritorio. La superioridad tecnológica de INTEL es un beneficio para todo tipo de profesionales. Asegura el mejor rendimiento de las aplicaciones, de la transferencia de datos y la conexión con otros elementos tecnológicos.,Núcleos: el corazón del procesador,En este producto, encontrarás los núcleos, que son los encargados de ejecutar las instrucciones y actividades que le asignás a tu dispositivo. Estos tienen relación directa con dos elementos: los hilos y el modelo. Por lo tanto, a la hora de elegir un procesador, es importante que valores los tres en su conjunto.","129.000,31.895,129.000,94.999,72.999,138.189,23.031,139.245,220.829,67.045,68.999,201.214,33.535,34.999,119.999,19.999,990.000,69.836,239.000,16.499,24.880,25.676,11.322,10.872,4.999,3.899,13.499,3.299,194.942,129.000",Procesador Intel Core i5-12400F BX8071512400F de 6 núcleos y  4.4GHz de frecuencia
"Productividad y entretenimiento, todo disponible en tu computadora de escritorio. La superioridad tecnológica de INTEL es un beneficio para todo tipo de profesionales. Asegura el mejor rendimiento de las aplicaciones, de la transferencia de datos y la conexión con otros elementos tecnológicos.,Núcleos: el corazón del procesador,En este producto, encontrarás los núcleos, que son los encargados de ejecutar las instrucciones y actividades que le asignás a tu dispositivo. Estos tienen relación directa con dos elementos: los hilos y el modelo. Por lo tanto, a la hora de elegir un procesador, es importante que valores los tres en su conjunto.","94.999,72.999,18.049,72.999,67.045,34.999,138.189,23.031,68.999,119.999,19.999,201.214,33.535,139.245,69.836,16.499,990.000,30.748,220.829,46.509,7.900,68.748,11.458,54.999,125.826,20.971,24.880,25.676,11.322,117.049,92.135,72.999",Procesador Intel Core i5-10400 BX8070110400 de 6 núcleos y  4.3GHz de frecuencia con gráfica integrada
"Productividad y entretenimiento, todo disponible en tu computadora de escritorio. La superioridad tecnológica de INTEL es un beneficio para todo tipo de profesionales. Asegura el mejor rendimiento de las aplicaciones, de la transferencia de datos y la conexión con otros elementos tecnológicos.,Núcleos: el corazón del procesador,En este producto, encontrarás los núcleos, que son los encargados de ejecutar las instrucciones y actividades que le asignás a tu dispositivo. Estos tienen relación directa con dos elementos: los hilos y el modelo. Por lo tanto, a la hora de elegir un procesador, es importante que valores los tres en su conjunto.","9.999,2.472,9.999,7.900,16.499,30.748,34.999,94.999,72.999,69.836,3.170,14.999,138.189,23.031,201.214,33.535,46.509,139.245,220.829,4.532,1.350,19.860,3.889,14.999,9.998,24.999,9.999",Procesador Intel Pentium G3250 BX80646G3250 de 2 núcleos y  3.2GHz de frecuencia con gráfica integrada
"Productividad y entretenimiento, todo disponible en tu computadora de escritorio. La superioridad tecnológica de INTEL es un beneficio para todo tipo de profesionales. Asegura el mejor rendimiento de las aplicaciones, de la transferencia de datos y la conexión con otros elementos tecnológicos.,Núcleos: el corazón del procesador,En este producto, encontrarás los núcleos, que son los encargados de ejecutar las instrucciones y actividades que le asignás a tu dispositivo. Estos tienen relación directa con dos elementos: los hilos y el modelo. Por lo tanto, a la hora de elegir un procesador, es importante que valores los tres en su conjunto.,Máxima potencia,Al estar desbloqueado, podrás realizar overclocking y así aumentar la frecuencia de funcionamiento y optimizar el rendimiento de tu equipo. Personalizalo a tu gusto y disfrutá de tus videojuegos o hacé que la renderización de imágenes sea más ágil. ¡Descubrí el abanico de posibilidades que esta función te ofrece!","219.999,36.666,219.999,239.000,201.214,33.535,220.829,139.245,138.189,23.031,990.000,94.999,72.999,34.999,16.499,69.836,119.999,19.999,67.045,24.880,25.676,11.322,10.872,4.999,3.899,13.499,3.299,3.948,3.553,255.058,219.999",Procesador Intel Core I7-12700K BX8071512700K de 12 núcleos y  5GHz de frecuencia con gráfica integrada
"Productividad y entretenimiento, todo disponible en tu computadora de escritorio. La superioridad tecnológica de INTEL es un beneficio para todo tipo de profesionales. Asegura el mejor rendimiento de las aplicaciones, de la transferencia de datos y la conexión con otros elementos tecnológicos.,Núcleos: el corazón del procesador,En este producto, encontrarás los núcleos, que son los encargados de ejecutar las instrucciones y actividades que le asignás a tu dispositivo. Estos tienen relación directa con dos elementos: los hilos y el modelo. Por lo tanto, a la hora de elegir un procesador, es importante que valores los tres en su conjunto.,Máxima potencia,Al estar desbloqueado, podrás realizar overclocking y así aumentar la frecuencia de funcionamiento y optimizar el rendimiento de tu equipo. Personalizalo a tu gusto y disfrutá de tus videojuegos o hacé que la renderización de imágenes sea más ágil. ¡Descubrí el abanico de posibilidades que esta función te ofrece!","210.449,52.033,210.449,201.214,33.535,94.999,72.999,67.045,16.499,138.189,23.031,34.999,990.000,139.245,239.000,119.999,19.999,30.748,220.829,69.836,68.999,24.880,25.676,11.322,10.872,4.999,3.899,13.499,213.399,210.449",Procesador gamer Intel Core i7-10700K BX8070110700K de 8 núcleos y  5.1GHz de frecuencia con gráfica integrada
"Clave en el rendimiento de tu computadora de escritorio, ya no tenés que pensar en cómo distribuir el tiempo y acciones porque ahora las tareas en simultáneo son posibles.,AMD cuenta con un catálogo de productos que se adaptan a los requerimientos de todo tipo de usuarios: juegos en línea, edición a gran escala, contenido en múltiples plataformas y más.,Núcleos: el corazón del procesador,En este producto, encontrarás los núcleos, que son los encargados de ejecutar las instrucciones y actividades que le asignás a tu dispositivo. Estos tienen relación directa con dos elementos: los hilos y el modelo. Por lo tanto, a la hora de elegir un procesador, es importante que valores los tres en su conjunto.","9.650,2.385,7.900,69.836,67.045,16.499,34.999,94.999,72.999,139.245,119.999,19.999,68.999,30.748,24.880,25.676,11.322,10.872,4.999,3.899,13.499,3.299,3.948,3.553,6.247,10.999",Procesador AMD Phenom II X4 945 HDX945WFK4DGI de 4 núcleos y  3GHz de frecuencia
"Productividad y entretenimiento, todo disponible en tu computadora de escritorio. La superioridad tecnológica de INTEL es un beneficio para todo tipo de profesionales. Asegura el mejor rendimiento de las aplicaciones, de la transferencia de datos y la conexión con otros elementos tecnológicos.,Núcleos: el corazón del procesador,En este producto, encontrarás los núcleos, que son los encargados de ejecutar las instrucciones y actividades que le asignás a tu dispositivo. Estos tienen relación directa con dos elementos: los hilos y el modelo. Por lo tanto, a la hora de elegir un procesador, es importante que valores los tres en su conjunto.,Máxima potencia,Al estar desbloqueado, podrás realizar overclocking y así aumentar la frecuencia de funcionamiento y optimizar el rendimiento de tu equipo. Personalizalo a tu gusto y disfrutá de tus videojuegos o hacé que la renderización de imágenes sea más ágil. ¡Descubrí el abanico de posibilidades que esta función te ofrece!","316.529,78.261,285.999,220.829,201.214,33.535,94.999,72.999,139.245,67.045,239.000,990.000,138.189,23.031,119.999,19.999,19.860,68.999,24.999,24.999,24.600,24.999,9.999,54.999,29.999,22.600,14.000,427.309,285.999",Procesador Intel Core i7-13700K BX8071513700K de 16 núcleos y  5.4GHz de frecuencia con gráfica integrada
"Clave en el rendimiento de tu computadora de escritorio, ya no tenés que pensar en cómo distribuir el tiempo y acciones porque ahora las tareas en simultáneo son posibles.,AMD cuenta con un catálogo de productos que se adaptan a los requerimientos de todo tipo de usuarios: juegos en línea, edición a gran escala, contenido en múltiples plataformas y más.,Núcleos: el corazón del procesador,En este producto, encontrarás los núcleos, que son los encargados de ejecutar las instrucciones y actividades que le asignás a tu dispositivo. Estos tienen relación directa con dos elementos: los hilos y el modelo. Por lo tanto, a la hora de elegir un procesador, es importante que valores los tres en su conjunto.,Máxima potencia,Al estar desbloqueado, podrás realizar overclocking y así aumentar la frecuencia de funcionamiento y optimizar el rendimiento de tu equipo. Personalizalo a tu gusto y disfrutá de tus videojuegos o hacé que la renderización de imágenes sea más ágil. ¡Descubrí el abanico de posibilidades que esta función te ofrece!","139.245,34.428,139.245,68.999,67.045,94.999,72.999,69.836,990.000,16.499,138.189,23.031,119.999,19.999,201.214,33.535,34.999,220.829,24.880,25.676,11.322,10.872,4.999,3.899,13.499,3.299,3.948,3.553,6.247,225.349,139.245",Procesador gamer AMD Ryzen 5 5600X 100-100000065BOX de 6 núcleos y  4.6GHz de frecuencia
"Productividad y entretenimiento, todo disponible en tu computadora de escritorio. La superioridad tecnológica de INTEL es un beneficio para todo tipo de profesionales. Asegura el mejor rendimiento de las aplicaciones, de la transferencia de datos y la conexión con otros elementos tecnológicos.,Núcleos: el corazón del procesador,En este producto, encontrarás los núcleos, que son los encargados de ejecutar las instrucciones y actividades que le asignás a tu dispositivo. Estos tienen relación directa con dos elementos: los hilos y el modelo. Por lo tanto, a la hora de elegir un procesador, es importante que valores los tres en su conjunto.","290.708,71.877,201.214,33.535,106.436,94.999,72.999,139.245,67.045,16.499,220.829,990.000,34.999,68.999,91.999,239.000,69.836,24.880,25.676,11.322,10.872,4.999,3.899,13.499,3.299",Procesador gamer Intel Core i9-10900 BX8070110900 de 10 núcleos y  5.2GHz de frecuencia con gráfica integrada
"Productividad y entretenimiento, todo disponible en tu computadora de escritorio. La superioridad tecnológica de INTEL es un beneficio para todo tipo de profesionales. Asegura el mejor rendimiento de las aplicaciones, de la transferencia de datos y la conexión con otros elementos tecnológicos.,Núcleos: el corazón del procesador,En este producto, encontrarás los núcleos, que son los encargados de ejecutar las instrucciones y actividades que le asignás a tu dispositivo. Estos tienen relación directa con dos elementos: los hilos y el modelo. Por lo tanto, a la hora de elegir un procesador, es importante que valores los tres en su conjunto.","290.708,71.877,201.214,33.535,106.436,94.999,72.999,139.245,67.045,16.499,220.829,990.000,34.999,68.999,91.999,239.000,69.836,24.880,25.676,11.322,10.872,4.999,3.899,13.499,3.299",Procesador gamer Intel Core i9-10900 BX8070110900 de 10 núcleos y  5.2GHz de frecuencia con gráfica integrada
"Productividad y entretenimiento, todo disponible en tu computadora de escritorio. La superioridad tecnológica de INTEL es un beneficio para todo tipo de profesionales. Asegura el mejor rendimiento de las aplicaciones, de la transferencia de datos y la conexión con otros elementos tecnológicos.,Núcleos: el corazón del procesador,En este producto, encontrarás los núcleos, que son los encargados de ejecutar las instrucciones y actividades que le asignás a tu dispositivo. Estos tienen relación directa con dos elementos: los hilos y el modelo. Por lo tanto, a la hora de elegir un procesador, es importante que valores los tres en su conjunto.","199.999,49.449,199.999,201.214,33.535,94.999,72.999,239.000,220.829,119.999,19.999,990.000,139.245,67.045,138.189,23.031,16.499,69.836,24.880,25.676,11.322,10.872,4.999,3.899,13.499,3.299,3.948,3.553,6.247,208.899,199.999",Procesador gamer Intel Core i9-10900F BX8070110900F de 10 núcleos y  5.2GHz de frecuencia
"Productividad y entretenimiento, todo disponible en tu computadora de escritorio. La superioridad tecnológica de INTEL es un beneficio para todo tipo de profesionales. Asegura el mejor rendimiento de las aplicaciones, de la transferencia de datos y la conexión con otros elementos tecnológicos.,Núcleos: el corazón del procesador,En este producto, encontrarás los núcleos, que son los encargados de ejecutar las instrucciones y actividades que le asignás a tu dispositivo. Estos tienen relación directa con dos elementos: los hilos y el modelo. Por lo tanto, a la hora de elegir un procesador, es importante que valores los tres en su conjunto.","5.150,1.273,7.900,16.499,34.999,67.045,94.999,72.999,30.748,1.500,69.836,2.600,2.000,24.999,6.000,19.860,4.200,15.500,550,4.532,24.880,25.676,11.322",Procesador Intel Core 2 Quad Q6600 HH80562PH0568M de 4 núcleos y  2.4GHz de frecuencia
"Clave en el rendimiento de tu computadora de escritorio, ya no tenés que pensar en cómo distribuir el tiempo y acciones porque ahora las tareas en simultáneo son posibles.,AMD cuenta con un catálogo de productos que se adaptan a los requerimientos de todo tipo de usuarios: juegos en línea, edición a gran escala, contenido en múltiples plataformas y más.,Núcleos: el corazón del procesador,En este producto, encontrarás los núcleos, que son los encargados de ejecutar las instrucciones y actividades que le asignás a tu dispositivo. Estos tienen relación directa con dos elementos: los hilos y el modelo. Por lo tanto, a la hora de elegir un procesador, es importante que valores los tres en su conjunto.","12.200,3.016,69.836,16.499,34.999,67.045,94.999,72.999,7.900,30.748,68.999,990.000,6.800,139.245,220.829,5.800,6.499,11.500,24.880,25.676,11.322,10.872,4.999,3.899",Procesador AMD Phenom II X4 955 HDX955WFK4DGM de 4 núcleos y  3.2GHz de frecuencia
"Clave en el rendimiento de tu computadora de escritorio, ya no tenés que pensar en cómo distribuir el tiempo y acciones porque ahora las tareas en simultáneo son posibles.,AMD cuenta con un catálogo de productos que se adaptan a los requerimientos de todo tipo de usuarios: juegos en línea, edición a gran escala, contenido en múltiples plataformas y más.,Núcleos: el corazón del procesador,En este producto, encontrarás los núcleos, que son los encargados de ejecutar las instrucciones y actividades que le asignás a tu dispositivo. Estos tienen relación directa con dos elementos: los hilos y el modelo. Por lo tanto, a la hora de elegir un procesador, es importante que valores los tres en su conjunto.,Máxima potencia,Al estar desbloqueado, podrás realizar overclocking y así aumentar la frecuencia de funcionamiento y optimizar el rendimiento de tu equipo. Personalizalo a tu gusto y disfrutá de tus videojuegos o hacé que la renderización de imágenes sea más ágil. ¡Descubrí el abanico de posibilidades que esta función te ofrece!","990.000,244.777,67.045,139.245,69.836,34.999,68.999,94.999,72.999,16.499,201.214,33.535,138.189,23.031,30.748,24.880,25.676,11.322,10.872,4.999,3.899,13.499,3.299,3.948,3.553,6.247,10.999",Procesador AMD Ryzen Threadripper 3970X 100-100000011WOF de 32 núcleos y  4.5GHz de frecuencia
"Clave en el rendimiento de tu computadora de escritorio, ya no tenés que pensar en cómo distribuir el tiempo y acciones porque ahora las tareas en simultáneo son posibles.,AMD cuenta con un catálogo de productos que se adaptan a los requerimientos de todo tipo de usuarios: juegos en línea, edición a gran escala, contenido en múltiples plataformas y más.,Núcleos: el corazón del procesador,En este producto, encontrarás los núcleos, que son los encargados de ejecutar las instrucciones y actividades que le asignás a tu dispositivo. Estos tienen relación directa con dos elementos: los hilos y el modelo. Por lo tanto, a la hora de elegir un procesador, es importante que valores los tres en su conjunto.,Máxima potencia,Al estar desbloqueado, podrás realizar overclocking y así aumentar la frecuencia de funcionamiento y optimizar el rendimiento de tu equipo. Personalizalo a tu gusto y disfrutá de tus videojuegos o hacé que la renderización de imágenes sea más ágil. ¡Descubrí el abanico de posibilidades que esta función te ofrece!","990.000,244.777,67.045,139.245,69.836,34.999,68.999,94.999,72.999,16.499,201.214,33.535,138.189,23.031,30.748,24.880,25.676,11.322,10.872,4.999,3.899,13.499,3.299,3.948,3.553,6.247,10.999",Procesador AMD Ryzen Threadripper 3970X 100-100000011WOF de 32 núcleos y  4.5GHz de frecuencia
desc,price,title
"Productividad y entretenimiento, todo disponible en tu computadora de escritorio. La superioridad tecnológica de INTEL es un beneficio para todo tipo de profesionales. Asegura el mejor rendimiento de las aplicaciones, de la transferencia de datos y la conexión con otros elementos tecnológicos.,Núcleos: el corazón del procesador,En este producto, encontrarás los núcleos, que son los encargados de ejecutar las instrucciones y actividades que le asignás a tu dispositivo. Estos tienen relación directa con dos elementos: los hilos y el modelo. Por lo tanto, a la hora de elegir un procesador, es importante que valores los tres en su conjunto.","198.999,49.202,198.999,94.999,72.999,157.198,106.436,34.999,67.045,46.509,68.748,11.458,7.900,54.999,125.826,20.971,24.880,25.676,11.322,10.872,11.190,10.999,4.999,3.899,3.948,3.553,13.499,3.299,272.998,205.148,198.999",Procesador gamer Intel Core i7-11700 BX8070811700 de 8 núcleos y  4.9GHz de frecuencia con gráfica integrada
"Clave en el rendimiento de tu computadora de escritorio, ya no tenés que pensar en cómo distribuir el tiempo y acciones porque ahora las tareas en simultáneo son posibles.,AMD cuenta con un catálogo de productos que se adaptan a los requerimientos de todo tipo de usuarios: juegos en línea, edición a gran escala, contenido en múltiples plataformas y más.,Núcleos: el corazón del procesador,En este producto, encontrarás los núcleos, que son los encargados de ejecutar las instrucciones y actividades que le asignás a tu dispositivo. Estos tienen relación directa con dos elementos: los hilos y el modelo. Por lo tanto, a la hora de elegir un procesador, es importante que valores los tres en su conjunto.,Máxima potencia,Al estar desbloqueado, podrás realizar overclocking y así aumentar la frecuencia de funcionamiento y optimizar el rendimiento de tu equipo. Personalizalo a tu gusto y disfrutá de tus videojuegos o hacé que la renderización de imágenes sea más ágil. ¡Descubrí el abanico de posibilidades que esta función te ofrece!","162.245,40.115,161.500,67.045,94.999,72.999,68.999,157.198,106.436,125.990,388.931,64.821,5.799,1.500,2.000,122.198,20.366,2.000,24.880,25.676,11.322,10.872,11.190,10.999,4.999,3.899,3.948,3.553,161.500",Procesador gamer AMD Ryzen 7 5700X 100-100000926WOF de 8 núcleos y  4.6GHz de frecuencia
"Productividad y entretenimiento, todo disponible en tu computadora de escritorio. La superioridad tecnológica de INTEL es un beneficio para todo tipo de profesionales. Asegura el mejor rendimiento de las aplicaciones, de la transferencia de datos y la conexión con otros elementos tecnológicos.,Núcleos: el corazón del procesador,En este producto, encontrarás los núcleos, que son los encargados de ejecutar las instrucciones y actividades que le asignás a tu dispositivo. Estos tienen relación directa con dos elementos: los hilos y el modelo. Por lo tanto, a la hora de elegir un procesador, es importante que valores los tres en su conjunto.","34.999,8.653,7.900,34.999,94.999,72.999,16.499,67.045,30.748,19.860,20.000,24.999,14.999,157.198,106.436,68.999,46.509,24.999,24.600,24.999,54.999,29.999,24.880",Procesador Intel Core i5-3470 CM8063701093302 de 4 núcleos y  3.6GHz de frecuencia con gráfica integrada
"Productividad y entretenimiento, todo disponible en tu computadora de escritorio. La superioridad tecnológica de INTEL es un beneficio para todo tipo de profesionales. Asegura el mejor rendimiento de las aplicaciones, de la transferencia de datos y la conexión con otros elementos tecnológicos.,Núcleos: el corazón del procesador,En este producto, encontrarás los núcleos, que son los encargados de ejecutar las instrucciones y actividades que le asignás a tu dispositivo. Estos tienen relación directa con dos elementos: los hilos y el modelo. Por lo tanto, a la hora de elegir un procesador, es importante que valores los tres en su conjunto.","19.999,4.945,34.999,16.499,7.900,67.045,94.999,72.999,20.000,600,4.200,2.999,30.748,157.198,1.000,2.600,600,600,1.500,550,2.000,24.880,25.676",Procesador Intel Core 2 Duo E8400 BX80570E8400 de 2 núcleos y  3GHz de frecuencia
"Clave en el rendimiento de tu computadora de escritorio, ya no tenés que pensar en cómo distribuir el tiempo y acciones porque ahora las tareas en simultáneo son posibles.,AMD cuenta con un catálogo de productos que se adaptan a los requerimientos de todo tipo de usuarios: juegos en línea, edición a gran escala, contenido en múltiples plataformas y más.,Núcleos: el corazón del procesador,En este producto, encontrarás los núcleos, que son los encargados de ejecutar las instrucciones y actividades que le asignás a tu dispositivo. Estos tienen relación directa con dos elementos: los hilos y el modelo. Por lo tanto, a la hora de elegir un procesador, es importante que valores los tres en su conjunto.,Máxima potencia,Al estar desbloqueado, podrás realizar overclocking y así aumentar la frecuencia de funcionamiento y optimizar el rendimiento de tu equipo. Personalizalo a tu gusto y disfrutá de tus videojuegos o hacé que la renderización de imágenes sea más ágil. ¡Descubrí el abanico de posibilidades que esta función te ofrece!","208.148,51.464,189.500,67.045,68.999,94.999,72.999,157.198,16.499,106.436,34.999,24.880,25.676,11.322,10.872,11.190,10.999,4.999,3.899,3.948,3.553,13.499,3.299,53.500,6.247,3.799,292.179,189.500",Procesador gamer AMD Ryzen 7 5800X 100-100000063WOF de 8 núcleos y  4.7GHz de frecuencia
"Clave en el rendimiento de tu computadora de escritorio, ya no tenés que pensar en cómo distribuir el tiempo y acciones porque ahora las tareas en simultáneo son posibles.,AMD cuenta con un catálogo de productos que se adaptan a los requerimientos de todo tipo de usuarios: juegos en línea, edición a gran escala, contenido en múltiples plataformas y más.,Núcleos: el corazón del procesador,En este producto, encontrarás los núcleos, que son los encargados de ejecutar las instrucciones y actividades que le asignás a tu dispositivo. Estos tienen relación directa con dos elementos: los hilos y el modelo. Por lo tanto, a la hora de elegir un procesador, es importante que valores los tres en su conjunto.,Máxima potencia,Al estar desbloqueado, podrás realizar overclocking y así aumentar la frecuencia de funcionamiento y optimizar el rendimiento de tu equipo. Personalizalo a tu gusto y disfrutá de tus videojuegos o hacé que la renderización de imágenes sea más ágil. ¡Descubrí el abanico de posibilidades que esta función te ofrece!","115.600,28.582,115.500,67.045,149.498,68.999,94.999,72.999,157.198,34.999,16.499,106.436,199.999,24.880,25.676,11.322,10.872,11.190,10.999,4.999,3.899,3.948,3.553,13.499,3.299,53.500,182.959,140.738,149.569,151.999,115.500,115.500",Procesador AMD Ryzen 7 5700G 100-100000263BOX de 8 núcleos y  4.6GHz de frecuencia con gráfica integrada
"Productividad y entretenimiento, todo disponible en tu computadora de escritorio. La superioridad tecnológica de INTEL es un beneficio para todo tipo de profesionales. Asegura el mejor rendimiento de las aplicaciones, de la transferencia de datos y la conexión con otros elementos tecnológicos.,Núcleos: el corazón del procesador,En este producto, encontrarás los núcleos, que son los encargados de ejecutar las instrucciones y actividades que le asignás a tu dispositivo. Estos tienen relación directa con dos elementos: los hilos y el modelo. Por lo tanto, a la hora de elegir un procesador, es importante que valores los tres en su conjunto.,Máxima potencia,Al estar desbloqueado, podrás realizar overclocking y así aumentar la frecuencia de funcionamiento y optimizar el rendimiento de tu equipo. Personalizalo a tu gusto y disfrutá de tus videojuegos o hacé que la renderización de imágenes sea más ágil. ¡Descubrí el abanico de posibilidades que esta función te ofrece!","106.436,26.316,106.299,94.999,72.999,157.198,67.045,34.999,68.999,16.499,20.000,24.880,25.676,11.322,10.872,11.190,10.999,4.999,3.899,3.948,3.553,13.499,3.299,53.500,6.247,3.799,138.189,106.299,106.299,106.299",Procesador gamer Intel Core i5-11600K BX8070811600K de 6 núcleos y  4.9GHz de frecuencia con gráfica integrada
"Clave en el rendimiento de tu computadora de escritorio, ya no tenés que pensar en cómo distribuir el tiempo y acciones porque ahora las tareas en simultáneo son posibles.,AMD cuenta con un catálogo de productos que se adaptan a los requerimientos de todo tipo de usuarios: juegos en línea, edición a gran escala, contenido en múltiples plataformas y más.,Núcleos: el corazón del procesador,En este producto, encontrarás los núcleos, que son los encargados de ejecutar las instrucciones y actividades que le asignás a tu dispositivo. Estos tienen relación directa con dos elementos: los hilos y el modelo. Por lo tanto, a la hora de elegir un procesador, es importante que valores los tres en su conjunto.,Máxima potencia,Al estar desbloqueado, podrás realizar overclocking y así aumentar la frecuencia de funcionamiento y optimizar el rendimiento de tu equipo. Personalizalo a tu gusto y disfrutá de tus videojuegos o hacé que la renderización de imágenes sea más ágil. ¡Descubrí el abanico de posibilidades que esta función te ofrece!","85.870,21.231,85.870,67.045,68.999,94.999,72.999,34.999,16.499,157.198,106.436,24.880,25.676,11.322,10.872,11.190,10.999,4.999,3.899,3.948,3.553,13.499,3.299,53.500,6.247,3.799,109.463,129.869,99.899,101.999,85.870",Procesador gamer AMD Ryzen 5 5600G 100-100000252BOX de 6 núcleos y  4.4GHz de frecuencia con gráfica integrada
"Productividad y entretenimiento, todo disponible en tu computadora de escritorio. La superioridad tecnológica de INTEL es un beneficio para todo tipo de profesionales. Asegura el mejor rendimiento de las aplicaciones, de la transferencia de datos y la conexión con otros elementos tecnológicos.,Núcleos: el corazón del procesador,En este producto, encontrarás los núcleos, que son los encargados de ejecutar las instrucciones y actividades que le asignás a tu dispositivo. Estos tienen relación directa con dos elementos: los hilos y el modelo. Por lo tanto, a la hora de elegir un procesador, es importante que valores los tres en su conjunto.,Máxima potencia,Al estar desbloqueado, podrás realizar overclocking y así aumentar la frecuencia de funcionamiento y optimizar el rendimiento de tu equipo. Personalizalo a tu gusto y disfrutá de tus videojuegos o hacé que la renderización de imágenes sea más ágil. ¡Descubrí el abanico de posibilidades que esta función te ofrece!","219.999,36.666,219.999,157.198,106.436,94.999,72.999,20.000,34.999,16.499,67.045,24.880,25.676,11.322,10.872,11.190,10.999,4.999,3.899,3.948,3.553,13.499,3.299,53.500,6.247,3.799,255.058,219.999",Procesador Intel Core I7-12700K BX8071512700K de 12 núcleos y  5GHz de frecuencia con gráfica integrada
"Productividad y entretenimiento, todo disponible en tu computadora de escritorio. La superioridad tecnológica de INTEL es un beneficio para todo tipo de profesionales. Asegura el mejor rendimiento de las aplicaciones, de la transferencia de datos y la conexión con otros elementos tecnológicos.,Núcleos: el corazón del procesador,En este producto, encontrarás los núcleos, que son los encargados de ejecutar las instrucciones y actividades que le asignás a tu dispositivo. Estos tienen relación directa con dos elementos: los hilos y el modelo. Por lo tanto, a la hora de elegir un procesador, es importante que valores los tres en su conjunto.","199.999,49.449,199.999,157.198,94.999,72.999,106.436,67.045,16.499,24.880,25.676,11.322,10.872,11.190,10.999,4.999,3.899,3.948,3.553,13.499,3.299,53.500,6.247,3.799,28.980,8.699,208.899,199.999",Procesador gamer Intel Core i9-10900F BX8070110900F de 10 núcleos y  5.2GHz de frecuencia
"Productividad y entretenimiento, todo disponible en tu computadora de escritorio. La superioridad tecnológica de INTEL es un beneficio para todo tipo de profesionales. Asegura el mejor rendimiento de las aplicaciones, de la transferencia de datos y la conexión con otros elementos tecnológicos.,Núcleos: el corazón del procesador,En este producto, encontrarás los núcleos, que son los encargados de ejecutar las instrucciones y actividades que le asignás a tu dispositivo. Estos tienen relación directa con dos elementos: los hilos y el modelo. Por lo tanto, a la hora de elegir un procesador, es importante que valores los tres en su conjunto.","157.198,38.867,155.999,94.999,72.999,106.436,34.999,67.045,16.499,68.999,30.748,24.880,25.676,11.322,10.872,11.190,10.999,4.999,3.899,3.948,3.553,13.499,3.299,53.500,6.247,3.799,155.999,201.214,155.999",Procesador Intel Core i7-10700 BX8070110700 de 8 núcleos y  4.8GHz de frecuencia con gráfica integrada
"Clave en el rendimiento de tu computadora de escritorio, ya no tenés que pensar en cómo distribuir el tiempo y acciones porque ahora las tareas en simultáneo son posibles.,AMD cuenta con un catálogo de productos que se adaptan a los requerimientos de todo tipo de usuarios: juegos en línea, edición a gran escala, contenido en múltiples plataformas y más.,Núcleos: el corazón del procesador,En este producto, encontrarás los núcleos, que son los encargados de ejecutar las instrucciones y actividades que le asignás a tu dispositivo. Estos tienen relación directa con dos elementos: los hilos y el modelo. Por lo tanto, a la hora de elegir un procesador, es importante que valores los tres en su conjunto.","9.650,2.385,7.900,67.045,16.499,34.999,94.999,72.999,68.999,20.000,30.748,24.880,25.676,11.322,10.872,11.190,10.999,4.999,3.899,3.948,3.553,13.499,3.299,53.500,6.247",Procesador AMD Phenom II X4 945 HDX945WFK4DGI de 4 núcleos y  3GHz de frecuencia
"Productividad y entretenimiento, todo disponible en tu computadora de escritorio. La superioridad tecnológica de INTEL es un beneficio para todo tipo de profesionales. Asegura el mejor rendimiento de las aplicaciones, de la transferencia de datos y la conexión con otros elementos tecnológicos.,Núcleos: el corazón del procesador,En este producto, encontrarás los núcleos, que son los encargados de ejecutar las instrucciones y actividades que le asignás a tu dispositivo. Estos tienen relación directa con dos elementos: los hilos y el modelo. Por lo tanto, a la hora de elegir un procesador, es importante que valores los tres en su conjunto.","129.000,31.895,129.000,94.999,72.999,106.436,67.045,68.999,157.198,34.999,16.499,24.880,25.676,11.322,10.872,11.190,10.999,4.999,3.899,3.948,3.553,13.499,3.299,53.500,6.247,3.799,194.942,129.000",Procesador Intel Core i5-12400F BX8071512400F de 6 núcleos y  4.4GHz de frecuencia
"Productividad y entretenimiento, todo disponible en tu computadora de escritorio. La superioridad tecnológica de INTEL es un beneficio para todo tipo de profesionales. Asegura el mejor rendimiento de las aplicaciones, de la transferencia de datos y la conexión con otros elementos tecnológicos.,Núcleos: el corazón del procesador,En este producto, encontrarás los núcleos, que son los encargados de ejecutar las instrucciones y actividades que le asignás a tu dispositivo. Estos tienen relación directa con dos elementos: los hilos y el modelo. Por lo tanto, a la hora de elegir un procesador, es importante que valores los tres en su conjunto.,Máxima potencia,Al estar desbloqueado, podrás realizar overclocking y así aumentar la frecuencia de funcionamiento y optimizar el rendimiento de tu equipo. Personalizalo a tu gusto y disfrutá de tus videojuegos o hacé que la renderización de imágenes sea más ágil. ¡Descubrí el abanico de posibilidades que esta función te ofrece!","213.399,52.762,210.449,157.198,94.999,72.999,67.045,16.499,106.436,34.999,20.000,30.748,68.999,24.880,25.676,11.322,10.872,11.190,10.999,4.999,3.899,3.948,3.553,13.499,3.299,53.500,210.449,210.449",Procesador gamer Intel Core i7-10700K BX8070110700K de 8 núcleos y  5.1GHz de frecuencia con gráfica integrada
"Productividad y entretenimiento, todo disponible en tu computadora de escritorio. La superioridad tecnológica de INTEL es un beneficio para todo tipo de profesionales. Asegura el mejor rendimiento de las aplicaciones, de la transferencia de datos y la conexión con otros elementos tecnológicos.,Núcleos: el corazón del procesador,En este producto, encontrarás los núcleos, que son los encargados de ejecutar las instrucciones y actividades que le asignás a tu dispositivo. Estos tienen relación directa con dos elementos: los hilos y el modelo. Por lo tanto, a la hora de elegir un procesador, es importante que valores los tres en su conjunto.","9.999,2.472,9.999,7.900,16.499,30.748,34.999,94.999,72.999,3.170,14.999,20.000,106.436,157.198,46.509,4.532,1.350,19.860,3.889,14.999,9.998,24.999,24.880,25.676,9.999",Procesador Intel Pentium G3250 BX80646G3250 de 2 núcleos y  3.2GHz de frecuencia con gráfica integrada
"Productividad y entretenimiento, todo disponible en tu computadora de escritorio. La superioridad tecnológica de INTEL es un beneficio para todo tipo de profesionales. Asegura el mejor rendimiento de las aplicaciones, de la transferencia de datos y la conexión con otros elementos tecnológicos.,Núcleos: el corazón del procesador,En este producto, encontrarás los núcleos, que son los encargados de ejecutar las instrucciones y actividades que le asignás a tu dispositivo. Estos tienen relación directa con dos elementos: los hilos y el modelo. Por lo tanto, a la hora de elegir un procesador, es importante que valores los tres en su conjunto.","49.999,35.299,8.727,35.299,34.999,94.999,72.999,67.045,16.499,7.900,68.999,30.748,106.436,157.198,20.000,46.509,24.880,25.676,11.322,10.872,11.190,10.999,4.999,3.899,3.948,3.553,13.499,39.999,52.961,35.299",Procesador gamer Intel Core i3-10100F BX8070110100F de 4 núcleos y  4.3GHz de frecuencia
"Productividad y entretenimiento, todo disponible en tu computadora de escritorio. La superioridad tecnológica de INTEL es un beneficio para todo tipo de profesionales. Asegura el mejor rendimiento de las aplicaciones, de la transferencia de datos y la conexión con otros elementos tecnológicos.,Núcleos: el corazón del procesador,En este producto, encontrarás los núcleos, que son los encargados de ejecutar las instrucciones y actividades que le asignás a tu dispositivo. Estos tienen relación directa con dos elementos: los hilos y el modelo. Por lo tanto, a la hora de elegir un procesador, es importante que valores los tres en su conjunto.","18.999,4.697,18.999,20.000,16.499,34.999,30.748,67.045,94.999,72.999,7.900,24.999,157.198,46.509,388.931,64.821,29.999,19.860,24.999,24.999,24.600,22.600,14.999,24.880,25.676,25.649,20.399,18.999",Procesador Intel Celeron G5900 BX80701G5900 de 2 núcleos y  3.4GHz de frecuencia con gráfica integrada
"Productividad y entretenimiento, todo disponible en tu computadora de escritorio. La superioridad tecnológica de INTEL es un beneficio para todo tipo de profesionales. Asegura el mejor rendimiento de las aplicaciones, de la transferencia de datos y la conexión con otros elementos tecnológicos.,Núcleos: el corazón del procesador,En este producto, encontrarás los núcleos, que son los encargados de ejecutar las instrucciones y actividades que le asignás a tu dispositivo. Estos tienen relación directa con dos elementos: los hilos y el modelo. Por lo tanto, a la hora de elegir un procesador, es importante que valores los tres en su conjunto.","94.999,72.999,18.049,72.999,67.045,34.999,106.436,68.999,157.198,16.499,30.748,46.509,7.900,68.748,11.458,20.000,54.999,125.826,20.971,24.880,25.676,11.322,10.872,11.190,10.999,4.999,3.899,117.049,92.135,72.999",Procesador Intel Core i5-10400 BX8070110400 de 6 núcleos y  4.3GHz de frecuencia con gráfica integrada
"Productividad y entretenimiento, todo disponible en tu computadora de escritorio. La superioridad tecnológica de INTEL es un beneficio para todo tipo de profesionales. Asegura el mejor rendimiento de las aplicaciones, de la transferencia de datos y la conexión con otros elementos tecnológicos.,Núcleos: el corazón del procesador,En este producto, encontrarás los núcleos, que son los encargados de ejecutar las instrucciones y actividades que le asignás a tu dispositivo. Estos tienen relación directa con dos elementos: los hilos y el modelo. Por lo tanto, a la hora de elegir un procesador, es importante que valores los tres en su conjunto.,Máxima potencia,Al estar desbloqueado, podrás realizar overclocking y así aumentar la frecuencia de funcionamiento y optimizar el rendimiento de tu equipo. Personalizalo a tu gusto y disfrutá de tus videojuegos o hacé que la renderización de imágenes sea más ágil. ¡Descubrí el abanico de posibilidades que esta función te ofrece!","316.529,78.261,285.999,157.198,94.999,72.999,67.045,106.436,19.860,68.999,24.999,24.999,24.600,24.999,54.999,29.999,22.600,14.000,6.499,24.999,9.998,10.900,41.900,3.889,427.309,285.999",Procesador Intel Core i7-13700K BX8071513700K de 16 núcleos y  5.4GHz de frecuencia con gráfica integrada
"Productividad y entretenimiento, todo disponible en tu computadora de escritorio. La superioridad tecnológica de INTEL es un beneficio para todo tipo de profesionales. Asegura el mejor rendimiento de las aplicaciones, de la transferencia de datos y la conexión con otros elementos tecnológicos.,Núcleos: el corazón del procesador,En este producto, encontrarás los núcleos, que son los encargados de ejecutar las instrucciones y actividades que le asignás a tu dispositivo. Estos tienen relación directa con dos elementos: los hilos y el modelo. Por lo tanto, a la hora de elegir un procesador, es importante que valores los tres en su conjunto.","290.708,71.877,106.436,157.198,94.999,72.999,67.045,16.499,34.999,68.999,24.880,25.676,11.322,10.872,11.190,10.999,4.999,3.899,3.948,3.553,13.499,3.299,53.500,6.247,3.799",Procesador gamer Intel Core i9-10900 BX8070110900 de 10 núcleos y  5.2GHz de frecuencia con gráfica integrada
,,
"Productividad y entretenimiento, todo disponible en tu computadora de escritorio. La superioridad tecnológica de INTEL es un beneficio para todo tipo de profesionales. Asegura el mejor rendimiento de las aplicaciones, de la transferencia de datos y la conexión con otros elementos tecnológicos.,Núcleos: el corazón del procesador,En este producto, encontrarás los núcleos, que son los encargados de ejecutar las instrucciones y actividades que le asignás a tu dispositivo. Estos tienen relación directa con dos elementos: los hilos y el modelo. Por lo tanto, a la hora de elegir un procesador, es importante que valores los tres en su conjunto.","5.150,1.273,7.900,16.499,34.999,67.045,94.999,72.999,20.000,30.748,1.500,2.600,2.000,24.999,6.000,19.860,4.200,15.500,550,4.532,24.880,25.676,11.322",Procesador Intel Core 2 Quad Q6600 HH80562PH0568M de 4 núcleos y  2.4GHz de frecuencia
,,
"Productividad y entretenimiento, todo disponible en tu computadora de escritorio. La superioridad tecnológica de INTEL es un beneficio para todo tipo de profesionales. Asegura el mejor rendimiento de las aplicaciones, de la transferencia de datos y la conexión con otros elementos tecnológicos.,Núcleos: el corazón del procesador,En este producto, encontrarás los núcleos, que son los encargados de ejecutar las instrucciones y actividades que le asignás a tu dispositivo. Estos tienen relación directa con dos elementos: los hilos y el modelo. Por lo tanto, a la hora de elegir un procesador, es importante que valores los tres en su conjunto.","7.900,1.953,7.900,34.999,16.499,20.000,30.748,94.999,72.999,67.045,19.860,24.999,24.999,106.436,68.999,6.000,24.999,14.999,24.600,24.999,54.999,29.999,24.880,25.676,8.700,7.900",Procesador gamer Intel Core i3-3220 CM8063701137502 de 2 núcleos y  3.3GHz de frecuencia con gráfica integrada
,"189.500,208.148,216.429,221.589,275.510,292.179,316.835,333.423,364.031,410.367",Procesador gamer AMD Ryzen 7 5800X 100-100000063WOF de 8 núcleos y  4.7GHz de frecuencia
"Productividad y entretenimiento, todo disponible en tu computadora de escritorio. La superioridad tecnológica de INTEL es un beneficio para todo tipo de profesionales. Asegura el mejor rendimiento de las aplicaciones, de la transferencia de datos y la conexión con otros elementos tecnológicos.,Núcleos: el corazón del procesador,En este producto, encontrarás los núcleos, que son los encargados de ejecutar las instrucciones y actividades que le asignás a tu dispositivo. Estos tienen relación directa con dos elementos: los hilos y el modelo. Por lo tanto, a la hora de elegir un procesador, es importante que valores los tres en su conjunto.","46.509,11.499,94.999,72.999,34.999,16.499,67.045,54.999,20.000,7.900,24.999,19.860,24.999,68.999,68.748,11.458,106.436,30.748,63.800,147.249,708.274,24.880,25.676,11.322",Procesador gamer Intel Core i5-6500T CM8066201920600 de 4 núcleos y  3.1GHz de frecuencia con gráfica integrada
,,
,,
,,
,,
,,
,"85.870,89.999,94.259,94.990,94.990,97.228,99.889,99.899,99.899,101.999",Procesador gamer AMD Ryzen 5 5600G 100-100000252BOX de 6 núcleos y  4.4GHz de frecuencia con gráfica integrada
,"199.999,208.899,249.879,271.049,330.532",Procesador gamer Intel Core i9-10900F BX8070110900F de 10 núcleos y  5.2GHz de frecuencia
,,
